{
    "accuracy": 0.8831333333333333,
    "precision": 0.8798143378875842,
    "recall": 0.8563093459465966,
    "f1_score": 0.8679027274912893,
    "roc_auc": 0.950501507952072
}